https://www.raiplay.it/;1505
http://www.corsair.com/;5310
https://www.rai.it/;5531
https://www.canadiantire.ca/en.html;6250
https://www.arsenal.com/;8423
https://www.akc.org/;11033
https://www.manutd.com/;13357
https://www.buienradar.nl/;13377
https://www.chrysler.com/;17301
https://www.pioneerdj.com/en-gb/;18769
https://www.rtlnieuws.nl/;21794
https://olympic.ca/;22108
https://www.sportchek.ca/en.html;22153
https://www.diariodesevilla.es/;32640
https://autobacs.com/;32794
https://www.dodge.com/;34066
https://www.diariodecadiz.es/;36934
https://www.henkel.com/;44399
https://www.videoland.com/nl/;53608
https://www.dove.com/uk/home.html;60949
https://www.ultimahora.es/;61061
https://www.marks.com/en.html;63466
https://www.motor24.pt/;66516
https://www.howdens.com/;69999
https://www.pmi.com/;90511
https://www.mediaset.es/;101534
https://www.sportvision.rs/;110318
https://olympique.ca/;115148
https://www.granadahoy.com/;115902
https://www.globus.de/maerkte.php;123272
https://www.malagahoy.es/;127872
https://www.yasss.es/;135139
https://www.europasur.es/;151022
https://www.diariodejerez.es/;184903
https://www.touringclub.it/;186394
https://www.sportvision.ba/;194549
http://laerdal.com/gb/;196485
https://www.huelvainformacion.es/;199550
https://www.magnumicecream.com/uk/home.html;200438
https://www.rtlboulevard.nl/;206297
https://www.robinson.com/en/en/home/;209015
https://www.menorca.info/;210313
https://www.mallorcamagazin.com/;218383
https://www.diariodealmeria.es/;219100
https://www.donnad.it/;226002
https://www.pcaskin.com/;247186
https://www.horlicks.in/;295996
https://www.excedrin.com/;299231
https://www.periodicodeibiza.es/;303384
https://www.kenwoodclub.it/;317181
https://www.blackcat-cideb.com/en/;331929
https://www.eldiadecordoba.es/;343635
https://www.swd-ag.de/;355352
https://www.emergenc.com/;364882
https://www.guess.mx/;386977
https://www.enfababy.com/;395852
https://www.sportreality.ba/;585603
https://www.meadjohnson.com.hk/;595938
https://www.anoro.com/;622393
https://www.usinlupus.com/;630625
https://www.magiclife.com/en/en/home/;652981
https://www.partycity.ca/en.html;676280
https://www.falconeri.com/it/;676860
https://www.alvedon.se/;678488
https://www.milkmaid.in/;723068
https://www.tums.com/;725900
https://www.evasoes.pt/;750448
https://www.majorcadailybulletin.com/;815623
